function_class,PctFire2010Ws,PctOw2016Ws,PctIce2016Ws,PctUrbOp2016Ws,PctUrbLo2016Ws,PctUrbMd2016Ws,PctUrbHi2016Ws,PctBl2016Ws,PctDecid2016Ws,PctConif2016Ws,PctMxFst2016Ws,PctShrb2016Ws,PctGrs2016Ws,PctHay2016Ws,PctCrop2016Ws,PctWdWet2016Ws,PctHbWet2016Ws,DamDensWs,PopDen2010Ws
Aerobic,-27.942869455382997,-27.942869455382997,-27.942869455382997,-27.942869481662115,-27.942869501079656,-27.942869485953544,-27.94286947178829,-27.94286945545963,-27.942869470403004,-27.942869455382997,-27.9428694557249,-27.942869455441944,-27.942869455406576,-27.94286945568953,-27.942869455382997,-27.942869455441944,-27.942869455382997,-27.942869455382997,-27.942871555437023
Microaerophillic,-19.585638184494098,-19.585638184494098,-19.585638184494098,-19.585638202913582,-19.585638216523673,-19.58563820592152,-19.585638195992846,-19.58563818454781,-19.58563819502188,-19.585638184494098,-19.585638184733742,-19.585638184535416,-19.585638184510625,-19.58563818470895,-19.585638184494098,-19.585638184535416,-19.585638184494098,-19.585638184494098,-19.585639656458113
Light_driven,-539.787861699912,-539.787861699912,-539.787861699912,-539.7878622075602,-539.7878625826597,-539.7878622904602,-539.7878620168221,-539.7878617013924,-539.7878619900619,-539.787861699912,-539.7878617065168,-539.7878617010507,-539.7878617003674,-539.7878617058335,-539.787861699912,-539.7878617010507,-539.787861699912,-539.787861699912,-539.787902267817
N_Reducer,14.832843991274874,14.832843991274874,14.832843991274874,14.832844005224553,14.832844015531919,14.832844007502562,14.832843999983254,14.832843991315555,14.832843999247908,14.832843991274874,14.832843991456366,14.832843991306165,14.83284399128739,14.83284399143759,14.832843991274874,14.832843991306165,14.832843991274874,14.832843991274874,14.832845106041338
DNRA,-14.154138551911732,-14.154138551911732,-14.154138551911732,-14.154138565223116,-14.154138575058848,-14.15413856739689,-14.154138560221643,-14.154138551950549,-14.154138559519943,-14.154138551911732,-14.154138552084918,-14.15413855194159,-14.154138551923674,-14.154138552067002,-14.154138551911732,-14.15413855194159,-14.154138551911732,-14.154138551911732,-14.154139615669902
Methanotroph,-21.430824989543144,-21.430824989543144,-21.430824989543144,-21.43082500969795,-21.430825024590266,-21.43082501298927,-21.430825002125207,-21.43082498960192,-21.43082500106276,-21.430824989543144,-21.430824989805366,-21.430824989588356,-21.430824989561227,-21.43082498977824,-21.430824989543144,-21.430824989588356,-21.430824989543144,-21.430824989543144,-21.430826600182684
Aerobic,-9.777894331081782,-9.777894331081782,-9.777894331081782,-9.777894331126127,-9.777894331081782,-9.777894331081782,-9.777894331081782,-9.777894331081782,-9.777894331081782,-9.777894376657443,-9.777894331081782,-9.777894332644946,-9.777894331081782,-9.777894331081782,-9.777894331081782,-9.777894331081782,-9.777894331081782,-9.777894331081782,-9.777894331253549
Microaerophillic,-10.129386780077573,-10.129386780077573,-10.129386780077573,-10.129386780123511,-10.129386780077573,-10.129386780077573,-10.129386780077573,-10.129386780077573,-10.129386780077573,-10.129386827291572,-10.129386780077573,-10.12938678169693,-10.129386780077573,-10.129386780077573,-10.129386780077573,-10.129386780077573,-10.129386780077573,-10.129386780077573,-10.129386780255514
Light_driven,-9.17600745925141,-9.17600745925141,-9.17600745925141,-9.176007459293025,-9.17600745925141,-9.17600745925141,-9.17600745925141,-9.17600745925141,-9.17600745925141,-9.176007502021623,-9.17600745925141,-9.176007460718353,-9.17600745925141,-9.17600745925141,-9.17600745925141,-9.17600745925141,-9.17600745925141,-9.17600745925141,-9.176007459412602
N_Reducer,-12.274920985022524,-12.274920985022524,-12.274920985022524,-12.274920985078193,-12.274920985022524,-12.274920985022524,-12.274920985022524,-12.274920985022524,-12.274920985022524,-12.274921042237056,-12.274920985022524,-12.27492098698488,-12.274920985022524,-12.274920985022524,-12.274920985022524,-12.274920985022524,-12.274920985022524,-12.274920985022524,-12.274920985238154
DNRA,-13.198595318731833,-13.198595318731833,-13.198595318731833,-13.198595318791691,-13.198595318731833,-13.198595318731833,-13.198595318731833,-13.198595318731833,-13.198595318731833,-13.198595380251694,-13.198595318731833,-13.198595320841855,-13.198595318731833,-13.198595318731833,-13.198595318731833,-13.198595318731833,-13.198595318731833,-13.198595318731833,-13.19859531896369
Methanotroph,-19.360106498332343,-19.360106498332343,-19.360106498332343,-19.360106498420148,-19.360106498332343,-19.360106498332343,-19.360106498332343,-19.360106498332343,-19.360106498332343,-19.360106588571576,-19.360106498332343,-19.36010650142739,-19.360106498332343,-19.360106498332343,-19.360106498332343,-19.360106498332343,-19.360106498332343,-19.360106498332343,-19.360106498672437
Aerobic,-29.41025521170012,-29.410255212522,-29.41025521171166,-29.410255212561303,-29.410255212004838,-29.410255211788865,-29.410255211681633,-29.410255212482667,-29.410255212811716,-29.410255233568503,-29.41025521178128,-29.410255304386006,-29.410255225900467,-29.410255216210857,-29.410255212486643,-29.410255213040326,-29.41025521344513,-29.410255211657812,-29.410255216019838
Microaerophillic,-57.60605677331799,-57.60605677492781,-57.60605677334059,-57.60605677500479,-57.60605677391484,-57.60605677349181,-57.60605677328178,-57.606056774850764,-57.606056775495276,-57.60605681615172,-57.60605677347695,-57.60605695486243,-57.6060568011323,-57.60605678215319,-57.60605677485855,-57.60605677594305,-57.60605677673595,-57.60605677323511,-57.606056781779046
Light_driven,-15.710421756065829,-15.71042175650486,-15.710421756071993,-15.710421756525855,-15.710421756228603,-15.710421756113234,-15.710421756055952,-15.71042175648385,-15.710421756659622,-15.710421767747517,-15.71042175610918,-15.710421805576937,-15.710421763651393,-15.71042175847538,-15.710421756485973,-15.710421756781741,-15.71042175699798,-15.710421756043226,-15.710421758373343
N_Reducer,-17.76567581057781,-17.765675811074278,-17.76567581058478,-17.76567581109802,-17.76567581076188,-17.765675810631418,-17.765675810566645,-17.765675811050517,-17.765675811249285,-17.76567582378771,-17.765675810626835,-17.765675866566017,-17.765675819155728,-17.765675813302582,-17.76567581105292,-17.765675811387382,-17.76567581163191,-17.765675810552253,-17.765675813187197
DNRA,13.01612348732323,13.016123487686968,13.016123487328336,13.016123487704363,13.016123487458088,13.016123487362504,13.016123487315047,13.01612348766956,13.016123487815188,13.016123497001537,13.016123487359147,13.016123528343305,13.01612349360789,13.016123489319549,13.01612348767132,13.016123487916364,13.016123488095518,13.016123487304503,13.01612348923501
Methanotroph,1.8459862189468803,1.845986218998467,1.8459862189476048,1.845986219000934,1.8459862189660066,1.8459862189524505,1.84598621894572,1.8459862189959981,1.8459862190166516,1.8459862203194874,1.8459862189519745,1.8459862247644725,1.84598621983819,1.8459862192300045,1.8459862189962477,1.8459862190310006,1.845986219056409,1.8459862189442247,1.845986219218015
Aerobic,-22.46227321117371,-22.46227321282527,-22.46227321117371,-22.462273217795182,-22.462273215433633,-22.462273212926778,-22.46227321186975,-22.462273211483506,-22.462273224199,-22.462273239595607,-22.462273218693973,-22.462273215098453,-22.46227321780054,-22.462273220378403,-22.462273220022823,-22.462273225969216,-22.462273211905067,-22.46227321121439,-22.462273298554813
Microaerophillic,-19.321757031377572,-19.321757032798224,-19.321757031377572,-19.32175703707328,-19.321757035041905,-19.32175703288554,-19.3217570319763,-19.321757031644054,-19.32175704258176,-19.321757055825724,-19.321757037846407,-19.321757034753585,-19.321757037077887,-19.32175703929533,-19.321757038989468,-19.321757044104476,-19.32175703200668,-19.321757031412567,-19.321757106541668
Light_driven,31.264290301638265,31.264290303937003,31.264290301638265,31.264290310854417,31.264290307567475,31.264290304078287,31.26429030260706,31.26429030206946,31.264290319767618,31.26429034119751,31.264290312105402,31.26429030710095,31.26429031086187,31.26429031444989,31.264290313954973,31.26429032223151,31.264290302656214,31.26429030169489,31.264290423260334
N_Reducer,-12.242501838687174,-12.242501839587316,-12.242501838687174,-12.242501842296043,-12.24250184100894,-12.24250183964264,-12.242501839066534,-12.24250183885602,-12.242501845786283,-12.24250185417782,-12.242501842785906,-12.242501840826257,-12.242501842298962,-12.242501843703963,-12.242501843510162,-12.242501846751097,-12.242501839085783,-12.242501838709346,-12.242501886312064
DNRA,-16.133891211528642,-16.133891212714904,-16.133891211528642,-16.133891216284624,-16.133891214588402,-16.133891212787812,-16.133891212028587,-16.13389121175116,-16.13389122088427,-16.13389123194313,-16.133891216930195,-16.133891214347653,-16.133891216288472,-16.133891218140064,-16.133891217884663,-16.133891222155757,-16.133891212053953,-16.133891211557863,-16.133891274291535
Methanotroph,-46.166607195020326,-46.166607198414766,-46.166607195020326,-46.166607208629415,-46.166607203775726,-46.166607198623396,-46.1666071964509,-46.16660719565704,-46.166607221791146,-46.16660725343572,-46.166607210476684,-46.16660720308683,-46.16660720864042,-46.16660721393869,-46.16660721320787,-46.166607225429466,-46.166607196523486,-46.166607195103936,-46.1666073746143
Aerobic,-13.389294066185798,-13.389294066645409,-13.389294066185798,-13.389294073606898,-13.389294073148728,-13.389294069166302,-13.389294067003267,-13.389294066450423,-13.389294088733237,-13.389294069090045,-13.389294070771829,-13.389294066635625,-13.389294067177016,-13.38929407843465,-13.389294066185798,-13.389294068032122,-13.389294066315577,-13.389294066210097,-13.389294174140131
Microaerophillic,-14.467034918350905,-14.467034918847512,-14.467034918350905,-14.467034926369351,-14.467034925874302,-14.467034921571319,-14.467034919234175,-14.46703491863683,-14.467034942713251,-14.467034921488922,-14.467034923306079,-14.46703491883694,-14.46703491942191,-14.467034931585701,-14.467034918350905,-14.467034920345846,-14.467034918491132,-14.467034918377161,-14.467035034994778
Light_driven,-13.758518861697857,-13.758518862170142,-13.758518861697857,-13.758518869323602,-13.758518868852798,-13.758518864760552,-13.75851886253787,-13.75851886196978,-13.758518884867069,-13.758518864682191,-13.758518866410352,-13.758518862160088,-13.758518862716409,-13.758518874284485,-13.758518861697857,-13.758518863595096,-13.758518861831215,-13.758518861722827,-13.758518972629153
N_Reducer,-15.982264042421114,-15.982264042969733,-15.982264042421114,-15.982264051279385,-15.982264050732486,-15.982264045978823,-15.982264043396896,-15.982264042736988,-15.982264069335091,-15.9822640458878,-15.982264047895276,-15.982264042958056,-15.982264043604292,-15.98226405704208,-15.982264042421114,-15.982264044625,-15.982264042576027,-15.98226404245012,-15.982264171281878
DNRA,145.5016864427848,145.50168644777938,145.5016864427848,145.50168652343,145.50168651845107,145.50168647517398,145.50168645166823,145.50168644566048,145.50168668780822,145.5016864743453,145.50168649262127,145.50168644767308,145.50168645355637,145.50168657589327,145.5016864427848,145.50168646284882,145.50168644419512,145.50168644304887,145.50168761592636
Methanotroph,5.781519849625784,5.781519849824244,5.781519849625784,5.781519852830228,5.781519852632389,5.781519850912771,5.7815198499787686,5.781519849740049,5.781519859361807,5.781519850879842,5.78151985160604,5.78151984982002,5.781519850053794,5.781519854914859,5.781519849625784,5.78151985042303,5.781519849681823,5.781519849636276,5.781519896240648
Aerobic,-10.231819063835525,-10.231819063835525,-10.231819063835525,-10.231819063835525,-10.231819063835525,-10.23181906383887,-10.231819063835525,-10.231819063835525,-10.23181906906568,-10.231819063835525,-10.231819063835525,-10.231819063835525,-10.231819107962222,-10.231819063835525,-10.231819063835525,-10.231819063835525,-10.23181906384891,-10.231819063835525,-10.231819067460286
Microaerophillic,-10.895818437203184,-10.895818437203184,-10.895818437203184,-10.895818437203184,-10.895818437203184,-10.895818437206747,-10.895818437203184,-10.895818437203184,-10.895818442772752,-10.895818437203184,-10.895818437203184,-10.895818437203184,-10.895818484193507,-10.895818437203184,-10.895818437203184,-10.895818437203184,-10.895818437217438,-10.895818437203184,-10.895818441063176
Light_driven,-10.166256865362497,-10.166256865362497,-10.166256865362497,-10.166256865362497,-10.166256865362497,-10.16625686536582,-10.166256865362497,-10.166256865362497,-10.166256870559138,-10.166256865362497,-10.166256865362497,-10.166256865362497,-10.166256909206444,-10.166256865362497,-10.166256865362497,-10.166256865362497,-10.166256865375797,-10.166256865362497,-10.16625686896403
N_Reducer,-14.24586874980529,-14.24586874980529,-14.24586874980529,-14.24586874980529,-14.24586874980529,-14.245868749809949,-14.24586874980529,-14.24586874980529,-14.245868757087289,-14.24586874980529,-14.24586874980529,-14.24586874980529,-14.245868811243351,-14.24586874980529,-14.24586874980529,-14.24586874980529,-14.245868749823925,-14.24586874980529,-14.245868754852083
DNRA,42.55121473599409,42.55121473599409,42.55121473599409,42.55121473599409,42.55121473599409,42.551214736008006,42.55121473599409,42.55121473599409,42.5512147577448,42.55121473599409,42.55121473599409,42.55121473599409,42.551214919504424,42.55121473599409,42.55121473599409,42.55121473599409,42.55121473604975,42.55121473599409,42.551214751068436
Methanotroph,-19.360106498332343,-19.360106498332343,-19.360106498332343,-19.360106498332343,-19.360106498332343,-19.360106498338673,-19.360106498332343,-19.360106498332343,-19.360106508228565,-19.360106498332343,-19.360106498332343,-19.360106498332343,-19.360106581826543,-19.360106498332343,-19.360106498332343,-19.360106498332343,-19.36010649835767,-19.360106498332343,-19.360106505190924
Aerobic,5.057877408242888,5.057877408336699,5.057877408242888,5.057877408750026,5.057877408384998,5.057877408255892,5.057877408242888,5.057877408244746,5.057877409007311,5.057877408242888,5.057877408264251,5.057877408371066,5.057877426391217,5.0578774102342905,5.057877410838027,5.057877408242888,5.057877408242888,5.057877408242888,5.05787740871391
Microaerophillic,6.6848639926014926,6.6848639927254805,6.6848639926014926,6.684863993271764,6.6848639927893165,6.68486399261868,6.6848639926014926,6.684863992603948,6.6848639936118115,6.6848639926014926,6.684863992629729,6.684863992770903,6.684864016587664,6.684863995233478,6.684863996031421,6.6848639926014926,6.6848639926014926,6.6848639926014926,6.684863993224031
Light_driven,4.771062799523471,4.771062799611962,4.771062799523471,4.771062800001851,4.771062799657523,4.771062799535737,4.771062799523471,4.7710627995252235,4.771062800244547,4.771062799523471,4.771062799543623,4.771062799644381,4.771062816642671,4.771062801401948,4.771062801971449,4.771062799523471,4.771062799523471,4.771062799523471,4.771062799967783
N_Reducer,20.75769112086913,20.757691121254133,20.75769112086913,20.75769112295044,20.757691121452353,20.757691120922495,20.75769112086913,20.757691120876753,20.757691124006346,20.75769112086913,20.757691120956803,20.757691121395176,20.757691195350453,20.75769112904191,20.757691131519664,20.75769112086913,20.75769112086913,20.75769112086913,20.75769112280222
DNRA,24.740758052360604,24.740758052819487,24.740758052360604,24.74075805484129,24.740758053055742,24.740758052424212,24.740758052360604,24.740758052369692,24.740758056099807,24.740758052360604,24.740758052465104,24.740758052987594,24.7407581411337,24.740758062101612,24.74075806505481,24.740758052360604,24.740758052360604,24.740758052360604,24.740758054664624
Methanotroph,-29.364296522821178,-29.364296523365812,-29.364296522821178,-29.36429652576545,-29.36429652364622,-29.364296522896673,-29.364296522821178,-29.364296522831964,-29.364296527259157,-29.364296522821178,-29.364296522945207,-29.364296523565336,-29.364296628184135,-29.36429653438258,-29.364296537887665,-29.364296522821178,-29.364296522821178,-29.364296522821178,-29.364296525555773
Aerobic,-27.383863857896316,-27.383863860121977,-27.383863857896316,-27.38386386324991,-27.383863860610276,-27.38386385903499,-27.383863858268462,-27.383863858143002,-27.38386387866173,-27.38386388337297,-27.38386387588468,-27.3838638647301,-27.383863863341197,-27.38386387781633,-27.383863862160496,-27.38386387579576,-27.3838638593935,-27.383863857930024,-27.383863896600957
Microaerophillic,-34.03947992161924,-34.039479924385844,-34.03947992161924,-34.03947992827402,-34.039479924992825,-34.03947992303467,-34.03947992208184,-34.03947992192588,-34.039479947431666,-34.039479953287966,-34.03947994397966,-34.03947993011397,-34.03947992838749,-34.039479946380794,-34.039479926919824,-34.039479943869125,-34.039479923480314,-34.03947992166114,-34.039479969731
Light_driven,-59.61535240956069,-59.61535241440602,-59.61535240956069,-59.61535242121561,-59.615352415469054,-59.61535241203962,-59.615352410370875,-59.61535241009774,-59.615352454767525,-59.61535246502401,-59.615352448721815,-59.615352424438015,-59.61535242141434,-59.61535245292706,-59.615352418843926,-59.615352448528235,-59.61535241282011,-59.615352409634085,-59.61535249382167
N_Reducer,-12.359988041184387,-12.359988042188963,-12.359988041184387,-12.359988043600788,-12.359988042409363,-12.35998804169834,-12.359988041352361,-12.359988041295733,-12.359988050557073,-12.359988052683537,-12.35998804930362,-12.359988044268887,-12.359988043641991,-12.359988050175492,-12.35998804310907,-12.359988049263485,-12.359988041860158,-12.359988041199603,-12.359988058654126
DNRA,-12.620208420945431,-12.620208421971157,-12.620208420945431,-12.620208423412706,-12.620208422196194,-12.620208421470203,-12.62020842111694,-12.62020842105912,-12.620208430515444,-12.620208432686677,-12.620208429235602,-12.62020842409487,-12.620208423454777,-12.620208430125828,-12.620208422910634,-12.620208429194623,-12.620208421635429,-12.620208420960966,-12.620208438782967
Methanotroph,-19.360106498332343,-19.360106499905864,-19.360106498332343,-19.36010650211728,-19.360106500251085,-19.360106499137373,-19.36010649859545,-19.36010649850675,-19.360106513013278,-19.360106516344075,-19.36010651104993,-19.36010650316376,-19.36010650218182,-19.360106512415587,-19.360106501347076,-19.360106510987066,-19.360106499390838,-19.360106498356178,-19.360106525696125
Aerobic,-33.9077589366775,-33.90775893998906,-33.9077589366775,-33.90775894542225,-33.90775894178392,-33.9077589390417,-33.90775893754723,-33.90775893722949,-33.907758978026365,-33.90775896716926,-33.907758957535144,-33.907758944306124,-33.907758943275994,-33.907758961504555,-33.9077589378863,-33.90775894583497,-33.907758937231854,-33.90775893672118,-33.90775902579627
Microaerophillic,-19.5322445580883,-19.532244559995892,-19.5322445580883,-19.53224456312563,-19.532244561029806,-19.532244559450174,-19.532244558589298,-19.53224455840627,-19.532244581906923,-19.53224457565279,-19.53224457010315,-19.5322445624827,-19.5322445618893,-19.532244572389693,-19.532244558784615,-19.532244563363374,-19.53224455840763,-19.53224455811346,-19.532244609424325
Light_driven,36.61671224280936,36.61671224638549,36.61671224280936,36.616712252252746,36.61671224832374,36.61671224536244,36.61671224374857,36.61671224340545,36.61671228746167,36.616712275737164,36.61671226533336,36.61671225104745,36.61671224993502,36.616712269619896,36.61671224411473,36.61671225269844,36.616712243408,36.616712242856536,36.61671233904799
N_Reducer,-18.841985274948364,-18.84198527678854,-18.841985274948364,-18.841985279807677,-18.841985277785916,-18.84198527626211,-18.841985275431657,-18.841985275255094,-18.84198529792525,-18.841985291892133,-18.841985286538613,-18.841985279187465,-18.841985278615038,-18.84198528874435,-18.841985275620072,-18.84198528003702,-18.84198527525641,-18.841985274972636,-18.841985324470198
DNRA,-13.047264388889095,-13.04726439016334,-13.047264388889095,-13.047264392253963,-13.04726439085398,-13.047264389798809,-13.047264389223756,-13.047264389101494,-13.0472644047996,-13.047264400621927,-13.047264396914846,-13.047264391824491,-13.04726439142811,-13.047264398442225,-13.047264389354226,-13.047264392412771,-13.047264389102404,-13.047264388905905,-13.047264423180836
Methanotroph,-19.360106498332343,-19.36010650022312,-19.360106498332343,-19.36010650332528,-19.360106501247923,-19.360106499682214,-19.360106498828927,-19.360106498647507,-19.360106521941052,-19.360106515742036,-19.360106510241305,-19.360106502688012,-19.360106502099846,-19.360106512507695,-19.36010649902252,-19.360106503560928,-19.360106498648857,-19.360106498357283,-19.360106549215942
Aerobic,-18.51088798967777,-18.510887989696155,-18.51088798967777,-18.51088799161907,-18.510887989779143,-18.510887989703885,-18.510887989681443,-18.510887989694734,-18.510887989709197,-18.51088798967891,-18.510887989680604,-18.510887990570215,-18.51088802721302,-18.510887992191517,-18.510888035518253,-18.5108879898052,-18.510887989949378,-18.51088798967777,-18.510887990180596
Microaerophillic,-15.167531004404626,-15.167531004419692,-15.167531004404626,-15.1675310059953,-15.167531004487689,-15.167531004426026,-15.167531004407635,-15.167531004418526,-15.167531004430378,-15.16753100440556,-15.16753100440695,-15.167531005135883,-15.16753103516042,-15.167531006464353,-15.1675310419656,-15.167531004509042,-15.167531004627179,-15.167531004404626,-15.167531004816636
Light_driven,-31.177595181960584,-31.17759518199155,-31.177595181960584,-31.177595185230288,-31.177595182131324,-31.17759518200457,-31.17759518196677,-31.177595181989155,-31.17759518201352,-31.177595181962506,-31.17759518196536,-31.177595183463716,-31.17759524518061,-31.17759518619445,-31.17759525916898,-31.177595182175217,-31.17759518241805,-31.177595181960584,-31.177595182807487
N_Reducer,135.64045814097358,135.6404581411083,135.64045814097358,135.64045815519867,135.64045814171638,135.64045814116494,135.6404581410005,135.64045814109787,135.64045814120388,135.64045814098193,135.64045814099435,135.64045814751307,135.64045841601703,135.64045815939332,135.64045847687447,135.64045814190735,135.6404581429638,135.64045814097358,135.64045814465808
DNRA,-14.665264864992565,-14.665264865007131,-14.665264864992565,-14.665264866530563,-14.665264865072878,-14.665264865013256,-14.665264864995475,-14.665264865006005,-14.665264865017464,-14.66526486499347,-14.665264864994812,-14.665264865699607,-14.665264894729894,-14.665264866984085,-14.665264901309722,-14.665264865093524,-14.665264865207748,-14.665264864992565,-14.665264865390931
Methanotroph,-19.360106498332343,-19.36010649835157,-19.360106498332343,-19.360106500362708,-19.360106498438366,-19.360106498359656,-19.360106498336183,-19.360106498350085,-19.360106498365212,-19.360106498333536,-19.36010649833531,-19.36010649926573,-19.360106537589587,-19.360106500961415,-19.360106546275837,-19.360106498465623,-19.360106498616414,-19.360106498332343,-19.36010649885824
Aerobic,11.519674862788268,11.519674863018436,11.519674862788268,11.519674863874501,11.519674863114215,11.519674862917187,11.51967486280347,11.5196748628357,11.519674872545673,11.519674862796325,11.519674862789026,11.519674863149941,11.519674898049143,11.519674870883257,11.519674863049753,11.519674862789332,11.519674862796172,11.519674862795025,11.51967486543499
Microaerophillic,9.231636142257653,9.231636142442106,9.231636142257653,9.231636143128139,9.23163614251886,9.231636142360966,9.231636142269835,9.231636142295665,9.231636150077042,9.23163614226411,9.231636142258262,9.23163614254749,9.231636170515012,9.231636148744816,9.231636142467202,9.231636142258505,9.231636142263989,9.231636142263069,9.231636144378683
Light_driven,5.045632769652361,5.045632769753175,5.045632769652361,5.045632770128133,5.045632769795127,5.045632769708828,5.0456327696590195,5.045632769673137,5.045632773926118,5.0456327696558905,5.045632769652694,5.045632769810775,5.045632785096672,5.045632773197978,5.045632769766892,5.045632769652827,5.045632769655824,5.045632769655321,5.045632770811629
N_Reducer,-24.18929576086925,-24.18929576135256,-24.18929576086925,-24.18929576315015,-24.18929576155368,-24.189295761139956,-24.189295760901167,-24.18929576096885,-24.18929578135809,-24.189295760886168,-24.18929576087084,-24.1892957616287,-24.1892958349109,-24.189295777867308,-24.18929576141832,-24.18929576087148,-24.189295760885848,-24.189295760883436,-24.189295766426902
DNRA,15.326927313376105,15.326927313682345,15.326927313376105,15.326927314821338,15.326927313809778,15.326927313547634,15.32692731339633,15.326927313439215,15.326927326358335,15.326927313386827,15.326927313377116,15.326927313857311,15.3269273602907,15.32692732414649,15.326927313724013,15.32692731337752,15.326927313386625,15.326927313385097,15.32692731689757
Methanotroph,27.357342985070424,27.357342985617034,27.357342985070424,27.35734298765005,27.357342985844493,27.357342985376587,27.357342985106524,27.35734298518307,27.35734300824267,27.35734298508956,27.357342985072226,27.35734298592934,27.357343068809236,27.3573430042947,27.35734298569141,27.35734298507295,27.357342985089197,27.357342985086472,27.357342991355956
Aerobic,10.034251413064535,10.03425141312763,10.034251413064535,10.034251414559968,10.034251413767286,10.034251413299511,10.03425141310007,10.034251413073962,10.034251422537537,10.034251413069612,10.034251413070338,10.034251413512731,10.03425144595388,10.034251415993754,10.034251413191452,10.034251413064535,10.034251413065984,10.034251413064535,10.034251417178497
Microaerophillic,58.459301617430825,58.45930161779841,58.459301617430825,58.45930162614318,58.459301621525036,58.459301618799785,58.459301617637855,58.45930161748575,58.4593016726203,58.4593016174604,58.45930161746463,58.459301620042,58.45930180904333,58.45930163449638,58.45930161817024,58.459301617430825,58.45930161743927,58.459301617430825,58.45930164139866
Light_driven,3.9759870960078043,3.9759870960328048,3.9759870960078043,3.9759870966003565,3.9759870962862633,3.975987096100911,3.975987096021885,3.9759870960115395,3.975987099761401,3.9759870960098156,3.975987096010104,3.975987096185398,3.975987109039928,3.975987097168482,3.9759870960580934,3.9759870960078043,3.975987096008379,3.9759870960078043,3.9759870976379266
N_Reducer,6.5563324780228935,6.556332478064119,6.5563324780228935,6.556332479000003,6.5563324784820685,6.556332478176426,6.556332478046113,6.556332478029053,6.556332484212508,6.55633247802621,6.556332478026685,6.556332478315742,6.556332499512636,6.556332479936831,6.55633247810582,6.5563324780228935,6.556332478023841,6.5563324780228935,6.556332480710936
DNRA,-16.987530757429337,-16.987530757536156,-16.987530757429337,-16.987530759961036,-16.987530758619062,-16.98753075782714,-16.9875307574895,-16.9875307574453,-16.9875307734667,-16.98753075743793,-16.987530757439163,-16.98753075818811,-16.9875308131095,-16.98753076238837,-16.9875307576442,-16.987530757429337,-16.98753075743179,-16.987530757429337,-16.987530764394087
Methanotroph,-60.28481775852164,-60.2848177589007,-60.28481775852164,-60.284817767506055,-60.2848177627437,-60.28481775993335,-60.28481775873514,-60.28481775857828,-60.284817815434515,-60.28481775855214,-60.2848177585565,-60.28481776121435,-60.28481795611766,-60.2848177761201,-60.28481775928414,-60.28481775852164,-60.284817758530345,-60.28481775852164,-60.28481778323792
Aerobic,-9.902846141180603,-9.902846141180603,-9.90284614150301,-9.902846141344849,-9.902846141466512,-9.902846141217104,-9.902846141186687,-9.902846141180603,-9.902846143194123,-9.902846177417883,-9.902846141207977,-9.902846146600686,-9.902846143565196,-9.902846141180603,-9.902846141180603,-9.902846141950121,-9.902846141299227,-9.902846141180603,-9.902846143776186
Microaerophillic,-10.479741845816497,-10.479741845816497,-10.479741846157685,-10.47974184599031,-10.479741846119062,-10.479741845855122,-10.479741845822934,-10.479741845816497,-10.479741847947315,-10.479741884164799,-10.479741845845465,-10.479741851552328,-10.479741848340003,-10.479741845816497,-10.479741845816497,-10.479741846630843,-10.479741845942028,-10.479741845816497,-10.479741848563286
Light_driven,-9.1523417036101,-9.1523417036101,-9.152341703908071,-9.152341703761897,-9.15234170387434,-9.152341703643833,-9.15234170361572,-9.1523417036101,-9.15234170547102,-9.152341737101073,-9.152341703635399,-9.15234170861941,-9.15234170581397,-9.1523417036101,-9.1523417036101,-9.152341704321298,-9.152341703719731,-9.1523417036101,-9.15234170600897
N_Reducer,-12.435969383743283,-12.435969383743283,-12.435969384148159,-12.43596938394954,-12.435969384102325,-12.435969383789118,-12.43596938375092,-12.435969383743283,-12.435969386271855,-12.435969429249967,-12.435969383777659,-12.435969390549806,-12.435969386737845,-12.435969383743283,-12.435969383743283,-12.43596938470964,-12.435969383892248,-12.435969383743283,-12.435969387002807
DNRA,-158.01444220251204,-158.01444220251204,-158.01444220765651,-158.01444220513284,-158.01444220707415,-158.01444220309446,-158.0144422026091,-158.01444220251204,-158.0144422346407,-158.01444278073103,-158.01444220294883,-158.0144422889974,-158.01444224056172,-158.01444220251204,-158.01444220251204,-158.01444221479085,-158.01444220440484,-158.01444220251204,-158.01444224392836
Methanotroph,-19.360106498332343,-19.360106498332343,-19.360106498962647,-19.360106498653444,-19.360106498891295,-19.3601064984037,-19.360106498344233,-19.360106498332343,-19.36010650226878,-19.36010656917638,-19.360106498385857,-19.360106508928624,-19.36010650299423,-19.360106498332343,-19.360106498332343,-19.360106499836753,-19.36010649856425,-19.360106498332343,-19.360106503406715
Aerobic,-17.90063619231132,-17.90063619231189,-17.90063619231132,-17.900636192672113,-17.900636192557545,-17.900636192405653,-17.900636192325855,-17.900636192339533,-17.90063619231161,-17.900636202688148,-17.900636192313033,-17.90063625730157,-17.90063620234218,-17.900636192337824,-17.90063619231132,-17.900636192465214,-17.900636192365752,-17.90063619231132,-17.900636192621317
Microaerophillic,-13.783806470178504,-13.783806470178943,-13.783806470178504,-13.78380647045632,-13.783806470368102,-13.783806470251141,-13.783806470189697,-13.78380647020023,-13.783806470178725,-13.783806478168845,-13.783806470179822,-13.783806520222145,-13.783806477902443,-13.783806470198911,-13.783806470178504,-13.783806470297003,-13.783806470220417,-13.783806470178504,-13.783806470417206
Light_driven,-16.833202443818607,-16.833202443819143,-16.833202443818607,-16.833202444157884,-16.83320244405015,-16.833202443907314,-16.833202443832278,-16.83320244384514,-16.833202443818877,-16.833202453576654,-16.833202443820216,-16.833202504933418,-16.833202453251317,-16.83320244384353,-16.833202443818607,-16.833202443963323,-16.833202443869794,-16.833202443818607,-16.833202444110118
N_Reducer,-13.457942407588028,-13.457942407588456,-13.457942407588028,-13.457942407859274,-13.457942407773144,-13.457942407658948,-13.457942407598956,-13.457942407609238,-13.457942407588243,-13.457942415389468,-13.457942407589314,-13.457942456448583,-13.457942415129365,-13.457942407607954,-13.457942407588028,-13.457942407703726,-13.45794240762895,-13.457942407588028,-13.457942407821086
DNRA,2.5099023716776854,2.509902371677765,2.5099023716776854,2.509902371728273,2.5099023717122093,2.5099023716909117,2.5099023716797233,2.509902371681641,2.5099023716777253,2.5099023731326513,2.509902371677925,2.5099023807901646,2.509902373084142,2.509902371681401,2.5099023716776854,2.509902371699263,2.509902371685317,2.5099023716776854,2.5099023717211506
Methanotroph,-25.4666007780537,-25.46660077805451,-25.4666007780537,-25.46660077856698,-25.466600778403993,-25.4666007781879,-25.466600778074376,-25.466600778093834,-25.466600778054104,-25.466600792816443,-25.466600778056133,-25.46660087051302,-25.466600792324243,-25.4666007780914,-25.4666007780537,-25.466600778272635,-25.466600778131134,-25.4666007780537,-25.466600778494715
Aerobic,-9.881160606750562,-9.881160606750562,-9.881160606750562,-9.881160606764636,-9.881160606750562,-9.881160606750562,-9.881160606750562,-9.881160606750562,-9.881160606750562,-9.881160652644693,-9.881160606750562,-9.881160608495692,-9.881160606750562,-9.881160606750562,-9.881160606750562,-9.881160606778709,-9.881160606750562,-9.881160606750562,-9.881160606924142
Microaerophillic,-10.274080513804655,-10.274080513804655,-10.274080513804655,-10.274080513819289,-10.274080513804655,-10.274080513804655,-10.274080513804655,-10.274080513804655,-10.274080513804655,-10.274080561523744,-10.274080513804655,-10.27408051561918,-10.274080513804655,-10.274080513804655,-10.274080513804655,-10.27408051383392,-10.274080513804655,-10.274080513804655,-10.274080513985139
Light_driven,-9.197485950191602,-9.197485950191602,-9.197485950191602,-9.197485950204701,-9.197485950191602,-9.197485950191602,-9.197485950191602,-9.197485950191602,-9.197485950191602,-9.19748599291033,-9.197485950191602,-9.197485951815986,-9.197485950191602,-9.197485950191602,-9.197485950191602,-9.1974859502178,-9.197485950191602,-9.197485950191602,-9.197485950353173
N_Reducer,-12.393292875165344,-12.393292875165344,-12.393292875165344,-12.393292875182993,-12.393292875165344,-12.393292875165344,-12.393292875165344,-12.393292875165344,-12.393292875165344,-12.393292932727345,-12.393292875165344,-12.393292877354146,-12.393292875165344,-12.393292875165344,-12.393292875165344,-12.393292875200645,-12.393292875165344,-12.393292875165344,-12.393292875383054
DNRA,-13.16340092518999,-13.16340092518999,-13.16340092518999,-13.163400925208737,-13.16340092518999,-13.16340092518999,-13.16340092518999,-13.16340092518999,-13.16340092518999,-13.163400986328844,-13.16340092518999,-13.163400927514804,-13.16340092518999,-13.16340092518999,-13.16340092518999,-13.163400925227487,-13.16340092518999,-13.16340092518999,-13.163400925421229
Methanotroph,-19.360106498332343,-19.360106498332343,-19.360106498332343,-19.36010649835992,-19.360106498332343,-19.360106498332343,-19.360106498332343,-19.360106498332343,-19.360106498332343,-19.360106588252474,-19.360106498332343,-19.36010650175157,-19.360106498332343,-19.360106498332343,-19.360106498332343,-19.36010649838749,-19.360106498332343,-19.360106498332343,-19.360106498672437
Aerobic,-9.721064621874731,-9.721064621874731,-9.721064621874731,-9.721064621942691,-9.721064621874731,-9.721064621874731,-9.721064621874731,-9.72106462195968,-9.721064621874731,-9.721064632671773,-9.721064623344352,-9.721064622316469,-9.72106465178534,-9.721064621874731,-9.721064621874731,-9.721064621874731,-9.721064626011756,-9.721064621874731,-9.721064622468905
Microaerophillic,-10.152028789216658,-10.152028789216658,-10.152028789216658,-10.15202878928763,-10.152028789216658,-10.152028789216658,-10.152028789216658,-10.152028789305374,-10.152028789216658,-10.152028800492365,-10.152028790751432,-10.15202878967798,-10.152028820453294,-10.152028789216658,-10.152028789216658,-10.152028789216658,-10.15202879353709,-10.152028789216658,-10.152028789837173
Light_driven,-9.199970225904547,-9.199970225904547,-9.199970225904547,-9.199970225968864,-9.199970225904547,-9.199970225904547,-9.199970225904547,-9.199970225984943,-9.199970225904547,-9.199970236122818,-9.19997022729539,-9.199970226322606,-9.199970254211808,-9.199970225904547,-9.199970225904547,-9.199970225904547,-9.199970229819808,-9.199970225904547,-9.19997022646687
N_Reducer,-12.225559350669034,-12.225559350669034,-12.225559350669034,-12.225559350754502,-12.225559350669034,-12.225559350669034,-12.225559350669034,-12.22555935077587,-12.225559350669034,-12.225559364247781,-12.225559352517282,-12.225559351224577,-12.225559388285687,-12.225559350669034,-12.225559350669034,-12.225559350669034,-12.225559355871905,-12.225559350669034,-12.225559351416289
DNRA,-13.130944881787126,-13.130944881787126,-13.130944881787126,-13.130944881878923,-13.130944881787126,-13.130944881787126,-13.130944881787126,-13.130944881901874,-13.130944881787126,-13.13094489637147,-13.13094488377225,-13.130944882383812,-13.130944922189547,-13.130944881787126,-13.130944881787126,-13.130944881787126,-13.130944887375305,-13.130944881787126,-13.13094488258972
Methanotroph,-19.360106498332343,-19.360106498332343,-19.360106498332343,-19.36010649846769,-19.360106498332343,-19.360106498332343,-19.360106498332343,-19.360106498501526,-19.360106498332343,-19.360106519835323,-19.360106501259185,-19.36010649921209,-19.360106557901187,-19.360106498332343,-19.360106498332343,-19.360106498332343,-19.360106506571487,-19.360106498332343,-19.360106499515677
Aerobic,-20.23009304986548,-20.230093049987126,-20.23009304986548,-20.230093056616784,-20.23009305062576,-20.230093050047945,-20.230093049875617,-20.23009304986548,-20.23009306504071,-20.23009305038247,-20.23009305555239,-20.230093050281102,-20.230093049875617,-20.23009308980562,-20.230093073971485,-20.230093053413462,-20.230093050260827,-20.23009304986548,-20.23009309010846
Microaerophillic,-14.429219601271349,-14.429219601358113,-14.429219601271349,-14.42921960608675,-14.429219601813625,-14.429219601401494,-14.42921960127858,-14.429219601271349,-14.42921961209516,-14.429219601640098,-14.429219605327567,-14.429219601567793,-14.42921960127858,-14.429219629758864,-14.429219618465083,-14.429219603801966,-14.429219601553331,-14.429219601271349,-14.429219629974865
Light_driven,-40.270925238044214,-40.27092523828637,-40.270925238044214,-40.270925251483654,-40.27092523955766,-40.270925238407436,-40.27092523806439,-40.270925238044214,-40.2709252682527,-40.270925239073364,-40.27092524936483,-40.27092523887157,-40.27092523806439,-40.27092531755084,-40.2709252860307,-40.27092524510699,-40.270925238831204,-40.270925238044214,-40.27092531815369
N_Reducer,-43.60513111887292,-43.60513111913512,-43.60513111887292,-43.605131133425076,-43.60513112051168,-43.60513111926622,-43.60513111889477,-43.60513111887292,-43.6051311515825,-43.60513111998728,-43.60513113113082,-43.60513111976878,-43.60513111889477,-43.60513120496225,-43.60513117083242,-43.605131126520455,-43.60513111972507,-43.60513111887292,-43.605131205615
DNRA,34.755458110746304,34.755458110955296,34.755458110746304,34.7554581223451,34.75545811205248,34.75545811105978,34.755458110763726,34.755458110746304,34.75545813681747,34.7554581116345,34.755458120516465,34.75545811146035,34.755458110763726,34.75545817936378,34.755458152160614,34.75545811684177,34.75545811142551,34.755458110746304,34.75545817988406
Methanotroph,-21.166341366701122,-21.166341366828398,-21.166341366701122,-21.166341373764876,-21.166341367496592,-21.166341366892034,-21.16634136671173,-21.166341366701122,-21.16634138257866,-21.166341367242044,-21.166341372651225,-21.16634136713598,-21.16634136671173,-21.166341408489693,-21.166341391922753,-21.166341370413306,-21.166341367114764,-21.166341366701122,-21.16634140880655
Aerobic,-85.78611013463458,-85.78611013515042,-85.78611013463458,-85.78611016326361,-85.78611013785857,-85.78611013540834,-85.78611013467757,-85.78611013463458,-85.78611019898544,-85.7861101368269,-85.78611015875003,-85.78611013639703,-85.78611013467757,-85.78611030400154,-85.78611023685657,-85.78611014967987,-85.78611013631105,-85.78611013463458,-85.78611030528573
Microaerophillic,-26.852090073284753,-26.852090073446217,-26.852090073284753,-26.852090082245986,-26.8520900742939,-26.852090073526945,-26.852090073298207,-26.852090073284753,-26.852090093427346,-26.852090073970974,-26.852090080833182,-26.852090073836422,-26.852090073298207,-26.85209012629866,-26.852090105281473,-26.85209007799411,-26.852090073809507,-26.852090073284753,-26.852090126700627
Light_driven,-33.85316989852953,-33.8531698987331,-33.85316989852953,-33.85316990982721,-33.8531698998018,-33.85316989883487,-33.8531698985465,-33.85316989852953,-33.85316992392386,-33.85316989939467,-33.85316990804605,-33.85316989922504,-33.8531698985465,-33.85316996536562,-33.85316993886868,-33.85316990446675,-33.85316989919111,-33.85316989852953,-33.8531699658724
N_Reducer,-74.77886677867144,-74.7788667791211,-74.77886677867144,-74.77886680362707,-74.77886678148177,-74.77886677934592,-74.77886677870892,-74.77886677867144,-74.77886683476542,-74.77886678058246,-74.77886679969264,-74.77886678020775,-74.77886677870892,-74.77886692630688,-74.7788668677773,-74.77886679178627,-74.7788667801328,-74.77886677867144,-74.7788669274263
DNRA,6.615054225211582,6.6150542252513596,6.615054225211582,6.615054227419196,6.615054225460187,6.615054225271247,6.615054225214897,6.615054225211582,6.615054230173742,6.615054225380634,6.615054227071149,6.615054225347486,6.615054225214897,6.61505423827164,6.615054233094024,6.61505422637174,6.615054225340857,6.615054225211582,6.615054238370666
Methanotroph,-21.476798130403978,-21.476798130533123,-21.476798130403978,-21.47679813757134,-21.476798131211115,-21.47679813059769,-21.476798130414743,-21.476798130403978,-21.4767981465144,-21.476798130952833,-21.476798136441353,-21.476798130845214,-21.476798130414743,-21.47679817280548,-21.476798155995546,-21.47679813417061,-21.47679813082369,-21.476798130403978,-21.476798173126983
Aerobic,-46.34608000889938,-46.346080009038744,-46.34608000889938,-46.34608004388089,-46.34608004249517,-46.34608003223764,-46.3460800234375,-46.346080008943176,-46.34608010040878,-46.34608001222829,-46.34608001734113,-46.34608001017759,-46.34608001062357,-46.346080014478105,-46.34608000889938,-46.34608001395248,-46.34608000899096,-46.34608000889938,-46.34608066976381
Microaerophillic,-100.21754905649924,-100.2175490568006,-100.21754905649924,-100.21754913214235,-100.2175491291459,-100.2175491069653,-100.2175490879361,-100.21754905659395,-100.21754925437678,-100.2175490636976,-100.21754907475348,-100.21754905926322,-100.21754906022758,-100.21754906856253,-100.21754905649924,-100.21754906742595,-100.21754905669728,-100.21754905649924,-100.21755048553517
Light_driven,-70.73900587336736,-70.73900587358008,-70.73900587336736,-70.73900592676038,-70.73900592464533,-70.73900590898904,-70.73900589555721,-70.73900587343421,-70.7390060130401,-70.73900587844837,-70.73900588625219,-70.73900587531833,-70.73900587599903,-70.73900588188229,-70.73900587336736,-70.73900588108002,-70.73900587350715,-70.73900587336736,-70.73900688205877
N_Reducer,-43.797144151000786,-43.79714415113249,-43.797144151000786,-43.79714418405839,-43.79714418274888,-43.7971441730555,-43.79714416473935,-43.797144151042176,-43.79714423747737,-43.79714415414662,-43.79714415897826,-43.7971441522087,-43.797144152630146,-43.797144156272694,-43.797144151000786,-43.79714415577598,-43.79714415108734,-43.797144151000786,-43.79714477551908
DNRA,-14.299622143432256,-14.299622143475256,-14.299622143432256,-14.299622154225453,-14.299622153797902,-14.299622150633043,-14.29962214791785,-14.299622143445768,-14.29962217166657,-14.29962214445936,-14.299622146036874,-14.299622143826634,-14.299622143964235,-14.299622145153515,-14.299622143432256,-14.299622144991341,-14.299622143460512,-14.299622143432256,-14.299622347335402
Methanotroph,-19.360106498332343,-19.360106498390564,-19.360106498332343,-19.36010651294514,-19.360106512366283,-19.360106508081415,-19.360106504405344,-19.36010649835064,-19.360106536558483,-19.360106499722928,-19.36010650185871,-19.36010649886629,-19.360106499052588,-19.36010650066274,-19.360106498332343,-19.360106500443173,-19.3601064983706,-19.360106498332343,-19.360106774394648
Aerobic,-130.97155800696845,-130.97155802806842,-130.97155800696845,-130.97155800696845,-130.97155800696845,-130.97155800696845,-130.97155800696845,-130.97155800696845,-130.97155800696845,-130.97155800696845,-130.97155800696845,-130.97155800696845,-130.97155800696845,-130.97155800696845,-130.97155800696845,-130.9715582140639,-130.9715584107755,-130.97155800696845,-130.97155800700543
Microaerophillic,40.32216634939329,40.32216635588934,40.32216634939329,40.32216634939329,40.32216634939329,40.32216634939329,40.32216634939329,40.32216634939329,40.32216634939329,40.32216634939329,40.32216634939329,40.32216634939329,40.32216634939329,40.32216634939329,40.32216634939329,40.32216641315169,40.32216647371322,40.32216634939329,40.32216634940468
Light_driven,10.67992091462559,10.679920916346164,10.67992091462559,10.67992091462559,10.67992091462559,10.67992091462559,10.67992091462559,10.67992091462559,10.67992091462559,10.67992091462559,10.67992091462559,10.67992091462559,10.67992091462559,10.67992091462559,10.67992091462559,10.679920931512946,10.67992094755356,10.67992091462559,10.679920914628608
N_Reducer,-19.48549355136918,-19.485493554508363,-19.48549355136918,-19.48549355136918,-19.48549355136918,-19.48549355136918,-19.48549355136918,-19.48549355136918,-19.48549355136918,-19.48549355136918,-19.48549355136918,-19.48549355136918,-19.48549355136918,-19.48549355136918,-19.48549355136918,-19.485493582180126,-19.48549361144619,-19.48549355136918,-19.485493551374685
DNRA,-12.598477064538216,-12.598477066567876,-12.598477064538216,-12.598477064538216,-12.598477064538216,-12.598477064538216,-12.598477064538216,-12.598477064538216,-12.598477064538216,-12.598477064538216,-12.598477064538216,-12.598477064538216,-12.598477064538216,-12.598477064538216,-12.598477064538216,-12.598477084459239,-12.598477103381411,-12.598477064538216,-12.598477064541774
Methanotroph,-19.360106498332343,-19.360106501451323,-19.360106498332343,-19.360106498332343,-19.360106498332343,-19.360106498332343,-19.360106498332343,-19.360106498332343,-19.360106498332343,-19.360106498332343,-19.360106498332343,-19.360106498332343,-19.360106498332343,-19.360106498332343,-19.360106498332343,-19.36010652894502,-19.360106558022764,-19.360106498332343,-19.36010649833781
Aerobic,7.1565362848543606,7.156536284871892,7.1565362848543606,7.156536286230676,7.156536284963088,7.156536284858221,7.1565362848543606,7.1565362848543606,7.156536284863688,7.156536296201844,7.156536284855164,7.156536284903739,7.156536284892158,7.156536284904703,7.156536284898269,7.156536306324367,7.156536284872696,7.1565362848543606,7.156536286304494
Microaerophillic,5.700429393638008,5.700429393651973,5.700429393638008,5.700429394734291,5.7004293937246135,5.700429393641083,5.700429393638008,5.700429393638008,5.700429393645439,5.700429402676673,5.7004293936386485,5.70042939367734,5.700429393668115,5.7004293936781085,5.700429393672984,5.700429410739613,5.700429393652613,5.700429393638008,5.7004293947930895
Light_driven,11.730887971001193,11.730887971029931,11.730887971001193,11.730887973257229,11.730887971179417,11.73088797100752,11.730887971001193,11.730887971001193,11.730887971016482,11.73088798960182,11.73088797100251,11.730887971082133,11.730887971063149,11.730887971083714,11.730887971073168,11.730888006194508,11.730887971031247,11.730887971001193,11.730887973378229
N_Reducer,2.581163741060767,2.58116374106709,2.581163741060767,2.5811637415571655,2.581163741099982,2.5811637410621593,2.581163741060767,2.581163741060767,2.5811637410641315,2.5811637451534892,2.5811637410610566,2.5811637410785764,2.5811637410743993,2.581163741078924,2.5811637410766037,2.5811637488044012,2.58116374106738,2.581163741060767,2.5811637415837896
DNRA,-17.364876359076057,-17.3648763591186,-17.364876359076057,-17.3648763624156,-17.364876359339878,-17.364876359085425,-17.364876359076057,-17.364876359076057,-17.36487635909869,-17.364876386610003,-17.364876359078007,-17.364876359195872,-17.36487635916777,-17.364876359198213,-17.364876359182603,-17.36487641117165,-17.364876359120547,-17.364876359076057,-17.364876362594714
Methanotroph,-29.66872833996686,-29.668728340039543,-29.66872833996686,-29.66872834567263,-29.668728340417612,-29.668728339982863,-29.66872833996686,-29.66872833996686,-29.668728340005533,-29.668728387009928,-29.66872833997019,-29.66872834017157,-29.668728340123554,-29.668728340175566,-29.668728340148892,-29.668728428974692,-29.668728340042875,-29.66872833996686,-29.668728345978653
Aerobic,4.781338714980993,4.781338715767654,4.781338714980993,4.781338716874452,4.78133871610078,4.781338715629915,4.781338715121268,4.7813387150278865,4.78133872185963,4.781338715780592,4.781338723097107,4.781338715082581,4.781338715114871,4.781338715451939,4.7813387150749405,4.781338716741173,4.7813387150624385,4.781338714994455,4.781338746397309
Microaerophillic,4.072567397824457,4.072567398494505,4.072567397824457,4.072567399437236,4.07256739877825,4.072567398377184,4.072567397943938,4.072567397864399,4.072567403683425,4.072567398505526,4.0725674047374625,4.072567397910985,4.072567397938489,4.072567398225591,4.072567397904478,4.072567399323712,4.072567397893829,4.072567397835923,4.0725674245837125
Light_driven,23.01785803392903,23.017858037716096,23.01785803392903,23.017858043044335,23.0178580393198,23.017858037053006,23.017858034604327,23.017858034154777,23.017858067043495,23.01785803777838,23.01785807300084,23.017858034418083,23.01785803457353,23.017858036196213,23.0178580343813,23.017858042402715,23.017858034321115,23.017858033993836,23.017858185170414
N_Reducer,4.077330401502796,4.077330402173628,4.077330401502796,4.07733040311746,4.077330402457704,4.07733040205617,4.077330401622417,4.077330401542785,4.077330407368616,4.0773304021846615,4.077330408423887,4.077330401589426,4.077330401616961,4.077330401904399,4.077330401582911,4.077330403003805,4.077330401572249,4.077330401514275,4.077330428293347
DNRA,-45.44575411925829,-45.44575412673535,-45.44575411925829,-45.44575413725527,-45.44575412990166,-45.44575412542617,-45.44575412059157,-45.445754119704,-45.445754184638474,-45.445754126858326,-45.44575419640048,-45.44575412022386,-45.44575412053077,-45.445754123734545,-45.44575412015124,-45.44575413598847,-45.44575412003241,-45.44575411938624,-45.44575441786465
Methanotroph,36.65848099461748,36.6584810006488,36.65848099461748,36.65848100913461,36.65848100320287,36.658480999592754,36.65848099569296,36.658480994977005,36.65848104735592,36.65848100074799,36.658481056843655,36.658480995396346,36.65848099564391,36.658480998228214,36.65848099533777,36.65848100811276,36.658480995241916,36.658480994720684,36.658481235486086
Aerobic,114.09602053483013,114.09602054634904,114.09602053483013,114.09602056576949,114.09602054273277,114.09602053761336,114.09602053574646,114.09602053549459,114.09602065325008,114.09602059566754,114.09602065616865,114.09602056214217,114.09602055584884,114.09602059369922,114.09602058348763,114.09602057242961,114.09602053662213,114.09602053498236,114.09602071792403
Microaerophillic,52.46077515697789,52.460775162274224,52.46077515697789,52.46077517120365,52.46077516061148,52.460775158257604,52.46077515739922,52.4607751572834,52.460775211426785,52.46077518495063,52.46077521276873,52.46077516953583,52.460775166642186,52.4607751840456,52.460775179350364,52.46077517426594,52.46077515780185,52.460775157047884,52.460775241163546
Light_driven,-555.0060417897888,-555.0060418458212,-555.0060417897888,-555.0060419402896,-555.0060418282303,-555.0060418033275,-555.0060417942462,-555.006041793021,-555.0060423658281,-555.006042085725,-555.0060423800252,-555.006041922645,-555.0060418920318,-555.0060420761504,-555.0060420264773,-555.006041972687,-555.0060417985059,-555.0060417905294,-555.0060426804266
N_Reducer,-58.94454836540217,-58.94454837135309,-58.94454836540217,-58.944548381386134,-58.94454836948485,-58.944548366840046,-58.94454836587557,-58.94454836574544,-58.94454842658055,-58.94454839683213,-58.94454842808835,-58.94454837951218,-58.944548376260904,-58.944548395815254,-58.94454839053972,-58.944548384826895,-58.94454836632796,-58.94454836548081,-58.94454845999257
DNRA,-13.910826560154687,-13.910826561559096,-13.910826560154687,-13.910826563926879,-13.910826561118194,-13.910826560494023,-13.91082656026641,-13.910826560235698,-13.910826574592695,-13.910826567572112,-13.910826574948533,-13.910826563484628,-13.91082656271733,-13.91082656733213,-13.910826566087112,-13.910826564738894,-13.910826560373172,-13.910826560173247,-13.910826582477881
Methanotroph,-20.403624635206874,-20.403624637266788,-20.403624635206874,-20.403624640739718,-20.403624636620094,-20.403624635704595,-20.403624635370743,-20.4036246353257,-20.40362465638374,-20.403624646086342,-20.403624656905667,-20.40362464009105,-20.40362463896562,-20.40362464573435,-20.403624643908227,-20.403624641930737,-20.40362463552734,-20.4036246352341,-20.40362466794929
Aerobic,-20.736991004080654,-20.736991004080654,-20.736991004080654,-20.736991006115137,-20.73699101138971,-20.736991009053824,-20.73699100521092,-20.736991004080654,-20.73699105614825,-20.736991004080654,-20.73699100845102,-20.73699100626584,-20.736991005135568,-20.736991010862255,-20.73699101560937,-20.736991004532765,-20.736991010259445,-20.736991004080654,-20.73699111926454
Microaerophillic,-27.87187557243118,-27.87187557243118,-27.87187557243118,-27.871875575165657,-27.87187558225503,-27.871875579115446,-27.87187557395033,-27.87187557243118,-27.87187564241344,-27.87187557243118,-27.871875578305236,-27.871875575368207,-27.871875573849053,-27.871875581546096,-27.871875587926528,-27.871875573038842,-27.87187558073588,-27.87187557243118,-27.87187572724587
Light_driven,-15.882067007516204,-15.882067007516204,-15.882067007516204,-15.882067009074374,-15.882067013114069,-15.88206701132506,-15.882067008381851,-15.882067007516204,-15.882067047393782,-15.882067007516204,-15.882067010863382,-15.882067009189793,-15.882067008324142,-15.8820670127101,-15.882067016345825,-15.882067007862466,-15.88206701224842,-15.882067007516204,-15.88206709573335
N_Reducer,23.644992888901054,23.644992888901054,23.644992888901054,23.644992891220834,23.644992897235074,23.644992894571626,23.64499289018982,23.644992888901054,23.644992948270218,23.644992888901054,23.644992893884286,23.64499289139267,23.6449928901039,23.644992896633653,23.644992902046468,23.644992889416564,23.64499289594631,23.644992888901054,23.64499302023747
DNRA,11.781422262766924,11.781422262766924,11.781422262766924,11.781422263922785,11.781422266919458,11.781422265592358,11.781422263409068,11.781422262766924,11.781422292348376,11.781422262766924,11.781422265249883,11.781422264008404,11.781422263366258,11.781422266619792,11.781422269316796,11.781422263023783,11.781422266277314,11.781422262766924,11.781422328206986
Methanotroph,8.745816287677819,8.745816287677819,8.745816287677819,8.745816288535861,8.74581629076041,8.745816289775252,8.745816288154508,8.745816287677819,8.745816309637302,8.745816287677819,8.745816289521018,8.74581628859942,8.745816288122729,8.745816290537956,8.745816292540049,8.745816287868497,8.745816290283722,8.745816287677819,8.745816336256569
Aerobic,-12.195542333724356,-12.195542333943854,-12.195542333882017,-12.195542334130806,-12.195542333856105,-12.195542333791373,-12.195542333734874,-12.195542335115407,-12.195542340193377,-12.195542357720566,-12.1955423349006,-12.195542352109495,-12.195542336023866,-12.195542334933613,-12.195542333724356,-12.195542335514554,-12.195542334864351,-12.19554233372548,-12.195542335477107
Microaerophillic,-12.341314972411583,-12.341314972633704,-12.341314972571128,-12.341314972822891,-12.341314972544906,-12.3413149724794,-12.341314972422227,-12.34131497381926,-12.341314978957929,-12.341314996694617,-12.341314973601886,-12.341314991016478,-12.341314974738578,-12.341314973635294,-12.341314972411583,-12.34131497422318,-12.341314973565204,-12.34131497241272,-12.341314974185284
Light_driven,-9.363559410960764,-9.363559411129291,-9.363559411081814,-9.363559411272831,-9.36355941106192,-9.363559411012218,-9.36355941096884,-9.363559412028792,-9.363559415927584,-9.363559429384702,-9.363559411863866,-9.363559425076605,-9.363559412726294,-9.363559411889213,-9.363559410960764,-9.363559412335253,-9.363559411836036,-9.363559410961628,-9.3635594123065
N_Reducer,-17.379261703574812,-17.379261703887607,-17.379261703799486,-17.379261704154025,-17.379261703762563,-17.379261703670316,-17.3792617035898,-17.37926170555713,-17.379261712793493,-17.37926173777062,-17.379261705251018,-17.379261729774562,-17.379261706851732,-17.379261705298063,-17.379261703574812,-17.379261706125934,-17.379261705199365,-17.379261703576415,-17.379261706072572
DNRA,-18.331209025061607,-18.331209025391537,-18.33120902529859,-18.331209025672546,-18.331209025259643,-18.331209025162345,-18.33120902507742,-18.331209027152507,-18.331209034785243,-18.331209061130487,-18.33120902682963,-18.331209052696448,-18.33120902851802,-18.33120902687925,-18.331209025061607,-18.331209027752468,-18.331209026775145,-18.3312090250633,-18.331209027696183
Methanotroph,-19.360106498332343,-19.360106498680793,-19.360106498582624,-19.360106498977572,-19.36010649854149,-19.360106498438732,-19.36010649834904,-19.3601065005406,-19.360106508601746,-19.3601065364257,-19.3601065001996,-19.360106527518276,-19.360106501982756,-19.36010650025201,-19.360106498332343,-19.360106501174236,-19.360106500142056,-19.36010649833413,-19.360106501114792
Aerobic,2.850636534951694,2.8506365350250658,2.850636534951694,2.8506365352593814,2.8506365350706693,2.8506365350179483,2.850636534971457,2.850636534962651,2.8506365350842118,2.8506365355917915,2.8506365349630154,2.8506365441380286,2.850636536130078,2.850636535000087,2.8506365368826407,2.8506365349729097,2.8506365349612017,2.850636534952626,2.850636536586425
Microaerophillic,4.099776647668688,4.0997766477742115,4.099776647668688,4.099776648111202,4.099776647839798,4.099776647763975,4.099776647697111,4.099776647684446,4.099776647859274,4.099776648589274,4.09977664768497,4.099776660880446,4.099776649363436,4.099776647738286,4.0997766504457696,4.0997766476992,4.099776647682362,4.099776647670028,4.099776650019752
Light_driven,3.1729547267176965,3.172954726799365,3.1729547267176965,3.172954727060174,3.172954726850125,3.172954726791443,3.1729547267396945,3.1729547267298925,3.172954726865198,3.1729547274301693,3.172954726730298,3.17295473694272,3.1729547280293193,3.1729547267715614,3.1729547288669737,3.1729547267413114,3.1729547267282796,3.1729547267187344,3.1729547285372646
N_Reducer,-13.72699344465566,-13.726993445008977,-13.72699344465566,-13.726993446137302,-13.726993445228578,-13.726993444974704,-13.726993444750828,-13.726993444708421,-13.726993445293788,-13.726993447737996,-13.726993444710178,-13.726993488891662,-13.726993450330067,-13.726993444888693,-13.72699345395397,-13.726993444757824,-13.726993444701446,-13.72699344466015,-13.726993452527566
DNRA,-14.37463955979333,-14.374639560163317,-14.37463955979333,-14.374639561344877,-14.374639560393277,-14.374639560127427,-14.374639559892989,-14.374639559848582,-14.374639560461565,-14.374639563021091,-14.37463955985042,-14.374639606116407,-14.374639565735459,-14.374639560037359,-14.374639569530338,-14.374639559900315,-14.374639559841276,-14.374639559798032,-14.374639568036635
Methanotroph,-43.43144722741683,-43.43144722853471,-43.43144722741683,-43.43144723210467,-43.43144722922951,-43.43144722842627,-43.43144722771794,-43.43144722758377,-43.43144722943583,-43.431447237169174,-43.431447227589324,-43.43144736737709,-43.43144724537034,-43.431447228154134,-43.431447256836165,-43.43144722774007,-43.4314472275617,-43.431447227431036,-43.4314472523231
Aerobic,6.414951245189646,6.414951245197117,6.414951245116711,6.414951245514258,6.414951245278801,6.4149512452022925,6.414951245133938,6.414951245327218,6.414951246164533,6.414951255046383,6.414951245457827,6.41495125900812,6.414951248091722,6.414951245410264,6.414951245808941,6.414951245473694,6.414951245589615,6.4149512451177575,6.414951248652304
Microaerophillic,9.22332575846698,9.223325758477722,9.223325758362117,9.223325758933704,9.223325758595166,9.223325758485164,9.223325758386885,9.22332575866478,9.22332575986866,9.223325772638859,9.223325758852567,9.223325778334987,9.223325762639544,9.223325758784183,9.223325759357394,9.223325758875381,9.223325759042051,9.22332575836362,9.223325763445542
Light_driven,12.092117200629742,12.092117200643827,12.092117200492261,12.092117201241633,12.0921172007978,12.09211720065358,12.092117200524735,12.092117200889065,12.092117202467394,12.092117219209593,12.09211720113526,12.092117226677424,12.092117206100125,12.092117201045605,12.092117201797107,12.09211720116517,12.09211720138368,12.092117200494233,12.092117207156818
N_Reducer,3.183004021674051,3.183004021677758,3.183004021637862,3.183004021835119,3.1830040217182884,3.183004021680326,3.18300402164641,3.1830040217423123,3.1830040221577756,3.1830040265648187,3.1830040218071183,3.1830040285305734,3.183004023114018,3.1830040217835185,3.183004021981336,3.1830040218149915,3.18300402187251,3.183004021638381,3.183004023392171
DNRA,-17.113566257949465,-17.1135662579694,-17.113566257754893,-17.113566258815453,-17.113566258187312,-17.1135662579832,-17.11356625780085,-17.113566258316474,-17.113566260550233,-17.1135662842449,-17.113566258664907,-17.11356629481387,-17.113566265691514,-17.11356625853802,-17.113566259601598,-17.113566258707237,-17.11356625901649,-17.113566257757682,-17.113566267187014
Methanotroph,988.8454359026515,988.8454359038033,988.8454358914089,988.8454359526896,988.8454359163945,988.8454359046009,988.8454358940644,988.8454359238578,988.8454360529274,988.845437422038,988.8454359439908,988.8454380327277,988.8454363499978,988.8454359366592,988.845435998114,988.8454359464367,988.8454359643056,988.8454358915701,988.84543643641
Aerobic,-20.55017850580294,-20.55017850580294,-20.55017850580294,-20.550178507779894,-20.550178505855758,-20.55017850582935,-20.550178505806713,-20.550178505806713,-20.550178506719732,-20.55017857570195,-20.550178511673447,-20.550178519385085,-20.550178512556286,-20.550178505836897,-20.55017850580294,-20.55017850583312,-20.55017850581803,-20.55017850580294,-20.550178509274936
Microaerophillic,-132.93771569804767,-132.93771569804767,-132.93771569804767,-132.93771571083647,-132.93771569838935,-132.9377156982185,-132.93771569807208,-132.93771569807208,-132.93771570397834,-132.93771615021964,-132.9377157360236,-132.93771578590966,-132.93771574173462,-132.93771569826734,-132.93771569804767,-132.9377156982429,-132.9377156981453,-132.93771569804767,-132.93771572050778
Light_driven,-10.550942898167111,-10.550942898167111,-10.550942898167111,-10.550942899182127,-10.55094289819423,-10.55094289818067,-10.550942898169048,-10.550942898169048,-10.550942898637814,-10.5509429340549,-10.550942901181168,-10.550942905140502,-10.550942901634437,-10.550942898184546,-10.550942898167111,-10.550942898182607,-10.55094289817486,-10.550942898167111,-10.550942899949714
N_Reducer,36.235371819777214,36.235371819777214,36.235371819777214,36.23537182326311,36.23537181987035,36.23537181982378,36.23537181978387,36.23537181978387,36.23537182139376,36.23537194302756,36.235371830128464,36.235371843726114,36.23537183168514,36.23537181983709,36.235371819777214,36.235371819830434,36.23537181980383,36.235371819777214,36.23537182589926
DNRA,3.2351957370615403,3.2351957370615403,3.2351957370615403,3.235195737372771,3.2351957370698554,3.235195737065698,3.2351957370621345,3.2351957370621345,3.23519573720587,3.2351957480656774,3.235195737985729,3.2351957391997654,3.235195738124714,3.2351957370668862,3.2351957370615403,3.235195737066292,3.2351957370639166,3.2351957370615403,3.2351957376081333
Methanotroph,14.70132518765164,14.70132518765164,14.70132518765164,14.701325189065928,14.701325187689426,14.701325187670534,14.701325187654339,14.701325187654339,14.701325188307502,14.701325237656464,14.701325191851325,14.701325197368128,14.701325192482896,14.701325187675932,14.70132518765164,14.701325187673232,14.701325187662437,14.70132518765164,14.70132519013546
Aerobic,4.161975150185546,4.161975150267854,4.161975150185546,4.161975150626983,4.1619751502969695,4.161975150252476,4.161975150208987,4.161975150207155,4.161975150219461,4.161975163093373,4.161975150779953,4.161975152843191,4.161975151863362,4.161975151529636,4.161975150191884,4.161975150250452,4.161975150235037,4.161975150186581,4.161975152097321
Microaerophillic,2.9761045188121584,2.976104518871015,2.9761045188121584,2.976104519127817,2.9761045188918342,2.9761045188600184,2.9761045188289206,2.976104518827611,2.97610451883641,2.976104528042161,2.9761045192372015,2.976104520712562,2.9761045200119147,2.976104519773277,2.976104518816691,2.976104518858571,2.9761045188475483,2.976104518812899,2.9761045201792125
Light_driven,9.146674893062128,9.146674893243016,9.146674893062128,9.146674894032264,9.146674893307003,9.14667489320922,9.146674893113644,9.14667489310962,9.146674893136662,9.146674921429355,9.146674894368443,9.146674898902774,9.146674896749426,9.146674896016004,9.146674893076058,9.146674893204771,9.146674893170895,9.146674893064406,9.146674897263592
N_Reducer,18.962762831185362,18.962762831560376,18.962762831185362,18.962762833196635,18.96276283169303,18.96276283149031,18.962762831292164,18.96276283128382,18.962762831339884,18.962762889995915,18.962762833893596,18.962762843294108,18.962762838829818,18.962762837309295,18.962762831214242,18.962762831481086,18.962762831410853,18.96276283119008,18.96276283989578
DNRA,-15.624402760333366,-15.624402760642361,-15.624402760333366,-15.624402761990558,-15.62440276075166,-15.624402760584628,-15.624402760421367,-15.62440276041449,-15.624402760460686,-15.624402808790427,-15.62440276256482,-15.62440277031039,-15.624402766632029,-15.624402765379193,-15.624402760357162,-15.62440276057703,-15.624402760519162,-15.624402760337256,-15.624402767510333
Methanotroph,-82.32915121705386,-82.32915121868203,-82.32915121705386,-82.32915122578605,-82.32915121925797,-82.32915121837783,-82.32915121751756,-82.32915121748132,-82.32915121772474,-82.32915147238705,-82.329151228812,-82.32915126962547,-82.3291512502432,-82.32915124364168,-82.32915121717924,-82.32915121833778,-82.32915121803286,-82.32915121707435,-82.3291512548712
Aerobic,11.568154039724037,11.568154039853297,11.568154039724037,11.568154049734206,11.568154053797116,11.568154047802283,11.568154042737094,11.568154039828995,11.5681540494594,11.568154040105872,11.56815404292943,11.568154039882252,11.568154040607402,11.568154042489688,11.568154040919953,11.568154041783153,11.568154039752475,11.568154039747016,11.568154705801051
Microaerophillic,7.046065599978709,7.0460656000574415,7.046065599978709,7.046065606075819,7.046065608550503,7.046065604899101,7.046065601813937,7.046065600042638,7.046065605908438,7.046065600211282,7.046065601931088,7.046065600075076,7.0460656005167595,7.046065601663244,7.046065600707132,7.0460656012328995,7.04606559999603,7.046065599992705,7.046066005680632
Light_driven,7.112368351872134,7.112368351951607,7.112368351872134,7.112368358026618,7.112368360524588,7.112368356838827,7.112368353724631,7.112368351936665,7.112368357857661,7.112368352106896,7.112368353842885,7.112368351969408,7.112368352415248,7.112368353572521,7.112368352607411,7.112368353138127,7.112368351889619,7.112368351886262,7.112368761391671
N_Reducer,11.833903492547284,11.833903492679514,11.833903492547284,11.833903502787411,11.833903506943656,11.833903500811108,11.833903495629558,11.833903492654652,11.833903502506292,11.83390349293789,11.833903495826315,11.833903492709133,11.833903493450942,11.833903495376468,11.833903493770674,11.833903494653702,11.833903492576376,11.83390349257079,11.833904173925754
DNRA,-18.189287147603114,-18.189287147806358,-18.189287147603114,-18.18928716334269,-18.18928716973104,-18.189287160305014,-18.189287152340718,-18.189287147768145,-18.189287162910595,-18.189287148203498,-18.189287152643143,-18.189287147851886,-18.18928714899208,-18.18928715195171,-18.189287149483523,-18.189287150840784,-18.18928714764783,-18.189287147639245,-18.189288194915072
Methanotroph,-21.716238376473026,-21.716238376715683,-21.716238376473026,-21.71623839526455,-21.71623840289162,-21.71623839163786,-21.716238382129266,-21.71623837667006,-21.71623839474867,-21.716238377189825,-21.71623838249033,-21.716238376770036,-21.71623837813132,-21.716238381664827,-21.716238378718053,-21.71623838033849,-21.716238376526412,-21.716238376516163,-21.716239626861565
Aerobic,-68.22034863937714,-68.22034863987713,-68.22034863937714,-68.22034864717254,-68.22034864909006,-68.22034864160875,-68.22034864015549,-68.2203486393881,-68.22034864140953,-68.22034863938238,-68.22034864016788,-68.22034863938144,-68.22034863949105,-68.22034864466353,-68.22034893760215,-68.22034864104108,-68.2203486394229,-68.22034863938244,-68.2203486829309
Microaerophillic,-16.73021683391265,-16.730216834035264,-16.73021683391265,-16.730216835824375,-16.730216836294623,-16.730216834459924,-16.73021683410353,-16.730216833915335,-16.730216834411067,-16.730216833913932,-16.730216834106567,-16.7302168339137,-16.730216833940585,-16.73021683520907,-16.730216907048735,-16.73021683432071,-16.73021683392387,-16.730216833913946,-16.730216844593684
Light_driven,-9.289922027387362,-9.289922027455448,-9.289922027387362,-9.2899220284489,-9.28992202871002,-9.289922027691253,-9.289922027493354,-9.289922027388855,-9.289922027664122,-9.289922027388075,-9.28992202749504,-9.289922027387947,-9.289922027402874,-9.289922028107236,-9.289922067998225,-9.289922027613951,-9.289922027393592,-9.289922027388082,-9.289922033318305
N_Reducer,-12.271657781336097,-12.271657781426036,-12.271657781336097,-12.271657782738354,-12.271657783083281,-12.271657781737526,-12.271657781476108,-12.27165778133807,-12.271657781701688,-12.271657781337039,-12.271657781478337,-12.27165778133687,-12.271657781356588,-12.271657782287026,-12.271657834981607,-12.271657781635412,-12.271657781344327,-12.27165778133705,-12.271657789170664
DNRA,-12.6841324644415,-12.684132464534464,-12.6841324644415,-12.68413246589089,-12.684132466247412,-12.684132464856422,-12.684132464586218,-12.68413246444354,-12.68413246481938,-12.684132464442476,-12.684132464588522,-12.6841324644423,-12.684132464462682,-12.684132465424392,-12.684132519890142,-12.684132464750876,-12.684132464450007,-12.684132464442484,-12.684132472539403
Methanotroph,-19.360106498332343,-19.360106498474234,-19.360106498332343,-19.360106500544582,-19.36010650108875,-19.36010649896565,-19.36010649855323,-19.360106498335455,-19.360106498909108,-19.36010649833383,-19.360106498556746,-19.36010649833356,-19.36010649836467,-19.360106499832554,-19.36010658296498,-19.36010649880455,-19.360106498345328,-19.360106498333845,-19.360106510692372
Aerobic,-10.233739180559667,-10.23373918049566,-10.23373918049458,-10.233739180993018,-10.233739180608849,-10.233739180514977,-10.233739180496178,-10.233739180496956,-10.233739180569822,-10.23373921249366,-10.233739180634824,-10.233739193902409,-10.233739183531245,-10.23373918049635,-10.23373918049458,-10.23373918053728,-10.233739180535723,-10.23373918049458,-10.233739181474126
Microaerophillic,-11.15615687702323,-11.156156876953453,-11.156156876952275,-11.156156877495642,-11.156156877076844,-11.156156876974512,-11.15615687695402,-11.156156876954867,-11.1561568770343,-11.156156911835593,-11.156156877105161,-11.15615689156862,-11.156156880262651,-11.156156876954206,-11.156156876952275,-11.156156876998823,-11.156156876997128,-11.156156876952275,-11.156156878020113
Light_driven,-9.498912120241265,-9.498912120181854,-9.49891212018085,-9.498912120643501,-9.498912120286915,-9.498912120199785,-9.498912120182336,-9.498912120183057,-9.498912120250692,-9.498912149882258,-9.498912120311026,-9.498912132625941,-9.498912122999473,-9.498912120182496,-9.49891212018085,-9.498912120220485,-9.49891212021904,-9.49891212018085,-9.498912121090061
N_Reducer,-14.001382275319443,-14.00138227523187,-14.001382275230393,-14.001382275912338,-14.001382275386732,-14.001382275258301,-14.001382275232581,-14.001382275233645,-14.001382275333338,-14.001382319010224,-14.00138227542227,-14.001382293574437,-14.001382279385036,-14.001382275232816,-14.001382275230393,-14.001382275288814,-14.001382275286685,-14.001382275230393,-14.001382276570569
DNRA,-16.702753453468812,-16.702753453364345,-16.70275345336258,-16.702753454176097,-16.702753453549082,-16.70275345339587,-16.70275345336519,-16.70275345336646,-16.702753453485386,-16.70275350558912,-16.702753453591477,-16.70275347524585,-16.702753458318803,-16.70275345336547,-16.70275345336258,-16.702753453432273,-16.702753453429732,-16.70275345336258,-16.702753454961325
Methanotroph,-20.727892524584455,-20.727892524454813,-20.727892524452624,-20.727892525462185,-20.72789252468407,-20.72789252449394,-20.727892524455864,-20.727892524457438,-20.727892524605025,-20.727892589265053,-20.72789252473668,-20.727892551609468,-20.72789253060323,-20.727892524456212,-20.727892524452624,-20.727892524539108,-20.72789252453596,-20.727892524452624,-20.727892526436644
Aerobic,-9.586501475089444,-9.586501475089444,-9.586501475089444,-9.586501475089444,-9.586501475089444,-9.586501475089444,-9.586501475089444,-9.586501475089444,-9.586501475206218,-9.586501490824599,-9.586501475089444,-9.586501504992079,-9.586501475594487,-9.586501475089444,-9.586501475089444,-9.586501475089444,-9.586501475089444,-9.586501475089444,-9.586501475235256
Microaerophillic,-9.987763181011623,-9.987763181011623,-9.987763181011623,-9.987763181011623,-9.987763181011623,-9.987763181011623,-9.987763181011623,-9.987763181011623,-9.987763181133285,-9.987763197405405,-9.987763181011623,-9.987763212165891,-9.987763181537806,-9.987763181011623,-9.987763181011623,-9.987763181011623,-9.987763181011623,-9.987763181011623,-9.987763181163539
Light_driven,-9.152663661750829,-9.152663661750829,-9.152663661750829,-9.152663661750829,-9.152663661750829,-9.152663661750829,-9.152663661750829,-9.152663661750829,-9.152663661862318,-9.152663676773889,-9.152663661750829,-9.152663690300217,-9.152663662233017,-9.152663661750829,-9.152663661750829,-9.152663661750829,-9.152663661750829,-9.152663661750829,-9.152663661890042
N_Reducer,-12.251278806250813,-12.251278806250813,-12.251278806250813,-12.251278806250813,-12.251278806250813,-12.251278806250813,-12.251278806250813,-12.251278806250813,-12.251278806400046,-12.251278826359899,-12.251278806250813,-12.251278844465537,-12.251278806896245,-12.251278806250813,-12.251278806250813,-12.251278806250813,-12.251278806250813,-12.251278806250813,-12.251278806437156
DNRA,-14.465212351264666,-14.465212351264666,-14.465212351264666,-14.465212351264666,-14.465212351264666,-14.465212351264666,-14.465212351264666,-14.465212351264666,-14.465212351440869,-14.465212375007674,-14.465212351264666,-14.465212396385189,-14.465212352026734,-14.465212351264666,-14.465212351264666,-14.465212351264666,-14.465212351264666,-14.465212351264666,-14.465212351484684
Methanotroph,-19.360106498332343,-19.360106498332343,-19.360106498332343,-19.360106498332343,-19.360106498332343,-19.360106498332343,-19.360106498332343,-19.360106498332343,-19.36010649856817,-19.360106530109764,-19.360106498332343,-19.360106558721235,-19.360106499352288,-19.360106498332343,-19.360106498332343,-19.360106498332343,-19.360106498332343,-19.360106498332343,-19.360106498626813
Aerobic,37.024260325308035,37.024260325308035,37.024260325308035,37.02426035551979,37.02426037491319,37.02426037622356,37.02426034289837,37.024260325328996,37.024260328578706,37.024260325308035,37.024260326691774,37.024260325308035,37.024260325308035,37.02426034739554,37.024260328882704,37.024260325308035,37.024260325308035,37.024260325308035,37.024263293921805
Microaerophillic,20.624537872771455,20.624537872771455,20.624537872771455,20.62453788960106,20.624537900404242,20.62453790113419,20.624537882570237,20.624537872783133,20.6245378745934,20.624537872771455,20.624537873542277,20.624537872771455,20.624537872771455,20.624537885075405,20.624537874762744,20.624537872771455,20.624537872771455,20.624537872771455,20.624539526451684
Light_driven,62.95435903592376,62.95435903592376,62.95435903592376,62.954359087294456,62.954359120270105,62.95435912249819,62.954359065833565,62.954359035959406,62.954359041485056,62.95435903592376,62.95435903827661,62.95435903592376,62.95435903592376,62.95435907348035,62.95435904200197,62.95435903592376,62.95435903592376,62.95435903592376,62.954364083618856
N_Reducer,861.3162442146538,861.3162442146538,861.3162442146538,861.3162449174871,861.3162453686466,861.3162453991305,861.3162446238678,861.3162442151415,861.3162442907413,861.3162442146538,861.3162442468446,861.3162442146538,861.3162442146538,861.316244728488,861.3162442978135,861.3162442146538,861.3162442146538,861.3162442146538,861.3163132751899
DNRA,4.534931479881932,4.534931479881932,4.534931479881932,4.534931483582432,4.53493148595784,4.5349314861183405,4.534931482036491,4.5349314798844995,4.534931480282541,4.534931479881932,4.53493148005142,4.534931479881932,4.534931479881932,4.5349314825873295,4.534931480319777,4.534931479881932,4.534931479881932,4.534931479881932,4.534931843493789
Methanotroph,10.875068294656876,10.875068294656876,10.875068294656876,10.875068303530922,10.87506830922731,10.875068309612201,10.875068299823655,10.875068294663034,10.875068295617565,10.875068294656876,10.87506829506332,10.875068294656876,10.875068294656876,10.8750683011446,10.875068295706859,10.875068294656876,10.875068294656876,10.875068294656876,10.875069166622373
Aerobic,-11.768744608215576,-11.768744608264736,-11.768744608215576,-11.768744612502354,-11.768744609592066,-11.768744608441713,-11.768744608215576,-11.768744608215576,-11.76874460865802,-11.768744612738326,-11.768744612227058,-11.76874460837289,-11.768744608313897,-11.768744608736675,-11.768744642883437,-11.76874461442944,-11.76874460843188,-11.768744608215576,-11.768744627506937
Microaerophillic,-12.20425512671687,-12.20425512676785,-12.20425512671687,-12.204255131162284,-12.204255128144297,-12.204255126951375,-12.20425512671687,-12.20425512671687,-12.204255127175687,-12.204255131406986,-12.204255130876799,-12.204255126880005,-12.204255126818829,-12.204255127257253,-12.20425516266764,-12.204255133160682,-12.20425512694118,-12.20425512671687,-12.20425514672212
Light_driven,-10.65835752734055,-10.658357527385073,-10.65835752734055,-10.65835753122287,-10.658357528587167,-10.658357527545352,-10.65835752734055,-10.65835752734055,-10.658357527741249,-10.658357531436575,-10.658357530973547,-10.658357527483021,-10.658357527429594,-10.658357527812484,-10.658357558737482,-10.658357532968134,-10.658357527536447,-10.65835752734055,-10.65835754481176
N_Reducer,-14.782882788569623,-14.782882788631374,-14.782882788569623,-14.782882793954307,-14.78288279029865,-14.782882788853676,-14.782882788569623,-14.782882788569623,-14.782882789125383,-14.782882794250712,-14.782882793608502,-14.782882788767228,-14.782882788693126,-14.782882789224184,-14.782882832116405,-14.782882796374944,-14.782882788841327,-14.782882788569623,-14.782882812801768
DNRA,23.351130881423117,23.35113088152066,23.351130881423117,23.351130889928797,23.3511308841543,23.35113088187181,23.351130881423117,23.351130881423117,23.351130882301,23.351130890397,23.35113088938256,23.351130881735255,23.351130881618204,23.351130882457063,23.351130950209875,23.351130893752448,23.351130881852303,23.351130881423117,23.35113091970036
Methanotroph,-20.62954440015122,-20.629544400237396,-20.62954440015122,-20.62954440766556,-20.629544402564083,-20.62954440054762,-20.62954440015122,-20.62954440015122,-20.629544400926786,-20.62954440807919,-20.629544407182987,-20.629544400426976,-20.629544400323567,-20.62954440106466,-20.629544460920847,-20.62954441104356,-20.62954440053038,-20.62954440015122,-20.62954443396723
Aerobic,-58.86456330878645,-58.86456330882988,-58.86456330878645,-58.86456331333519,-58.86456331109831,-58.86456331021489,-58.864563309144664,-58.864563308800626,-58.864563385346464,-58.86456338870604,-58.864563316782146,-58.86456340941474,-58.86456331289649,-58.86456331077004,-58.86456331180784,-58.86456330975813,-58.864563308941904,-58.86456330880024,-58.864563372113054
Microaerophillic,-87.24243209615989,-87.24243209622425,-87.24243209615989,-87.24243210290152,-87.24243209958627,-87.24243209827696,-87.24243209669079,-87.24243209618089,-87.24243220962852,-87.2424322146077,-87.2424321080102,-87.24243224529982,-87.24243210225133,-87.24243209909974,-87.24243210063786,-87.2424320976,-87.24243209639027,-87.24243209618032,-87.24243219001545
Light_driven,-34.873493216571525,-34.873493216597254,-34.873493216571525,-34.873493219266365,-34.87349321794115,-34.87349321741779,-34.87349321678374,-34.873493216579924,-34.873493261928445,-34.873493263918775,-34.873493221308465,-34.87349327618736,-34.87349321900646,-34.87349321774668,-34.8734932183615,-34.873493217147185,-34.87349321666362,-34.873493216579696,-34.873493254088494
N_Reducer,41.99401365012027,41.99401365015125,41.99401365012027,41.99401365336534,41.994013651769556,41.99401365113932,41.99401365037582,41.994013650130384,41.99401370473823,41.99401370713495,41.9940136558244,41.99401372190855,41.99401365305238,41.99401365153536,41.99401365227573,41.99401365081347,41.99401365023117,41.99401365013011,41.994013695297504
DNRA,-38.11036268705374,-38.11036268708185,-38.11036268705374,-38.1103626899987,-38.110362688550495,-38.110362687978544,-38.11036268728565,-38.11036268706292,-38.110362736620566,-38.11036273879564,-38.110362692230346,-38.11036275220296,-38.110362689714684,-38.11036268833796,-38.11036268900986,-38.11036268768283,-38.11036268715438,-38.11036268706267,-38.110362728052934
Methanotroph,-31.299882783212876,-31.299882783235965,-31.299882783212876,-31.299882785631564,-31.299882784442154,-31.299882783972418,-31.299882783403348,-31.29988278322041,-31.29988282392191,-31.299882825708284,-31.2998827874644,-31.29988283671966,-31.299882785398296,-31.299882784267602,-31.29988278481943,-31.299882783729544,-31.299882783295534,-31.29988278322021,-31.299882816885344
Aerobic,-10.319757510787182,-10.319757510795103,-10.319757510787182,-10.319757511409714,-10.319757510797086,-10.319757510789161,-10.319757510787841,-10.319757510787182,-10.319757523373813,-10.319757527427862,-10.319757513534114,-10.319757527652317,-10.319757510887527,-10.319757510787182,-10.319757510787182,-10.319757510985891,-10.319757510803687,-10.319757510787182,-10.319757511687653
Microaerophillic,-11.066634188200277,-11.066634188208772,-11.066634188200277,-11.066634188867864,-11.066634188210898,-11.066634188202402,-11.066634188200986,-11.066634188200277,-11.066634201697847,-11.066634206045302,-11.066634191146013,-11.066634206286002,-11.066634188307885,-11.066634188200277,-11.066634188200277,-11.066634188413367,-11.066634188217977,-11.066634188200277,-11.066634189165919
Light_driven,-10.786080301571888,-10.786080301580167,-10.786080301571888,-10.78608030222255,-10.786080301582238,-10.786080301573957,-10.786080301572577,-10.786080301571888,-10.786080314727275,-10.786080318964515,-10.786080304442946,-10.786080319199115,-10.786080301676767,-10.786080301571888,-10.786080301571888,-10.786080301779574,-10.786080301589138,-10.786080301571888,-10.78608030251305
N_Reducer,-12.518358456129997,-12.518358456139605,-12.518358456129997,-12.518358456885158,-12.51835845614201,-12.518358456132399,-12.518358456130798,-12.518358456129997,-12.51835847139818,-12.518358476315937,-12.518358459462156,-12.518358476588212,-12.51835845625172,-12.518358456129997,-12.518358456129997,-12.51835845637104,-12.518358456150018,-12.518358456129997,-12.518358457222313
DNRA,12.283798234770043,12.283798234779471,12.283798234770043,12.283798235511053,12.28379823478183,12.2837982347724,12.283798234770828,12.283798234770043,12.283798249752142,12.283798254577752,12.283798238039765,12.283798254844925,12.283798234889485,12.283798234770043,12.283798234770043,12.283798235006568,12.283798234789689,12.283798234770043,12.283798235841891
Methanotroph,-19.360106498332343,-19.360106498347204,-19.360106498332343,-19.36010649950023,-19.360106498350923,-19.36010649833606,-19.360106498333582,-19.360106498332343,-19.360106521945156,-19.36010652955065,-19.36010650348565,-19.360106529971734,-19.360106498520594,-19.360106498332343,-19.360106498332343,-19.360106498705125,-19.360106498363308,-19.360106498332343,-19.360106500021647
Aerobic,-21.03018796204205,-21.03018796305536,-21.03018796204205,-21.030187969666162,-21.030187967982474,-21.030187965358994,-21.030187963214004,-21.030187962178836,-21.030187974064834,-21.030187962270023,-21.030187962632198,-21.030187962072123,-21.03018796251812,-21.030187969784905,-21.030188022728666,-21.030187962322554,-21.030187962262552,-21.03018796205258,-21.030188096619916
Microaerophillic,-18.43136926554947,-18.43136926643756,-18.43136926554947,-18.431369272231425,-18.431369270755802,-18.431369268456518,-18.4313692665766,-18.431369265669353,-18.431369276086528,-18.43136926574927,-18.43136926606669,-18.431369265575825,-18.43136926596671,-18.431369272335495,-18.431369318736696,-18.431369265795308,-18.431369265742724,-18.4313692655587,-18.43136938349679
Light_driven,20.784777021038128,20.784777022039616,20.784777021038128,20.78477702857327,20.784777026909232,20.784777024316366,20.78477702219641,20.78477702117332,20.784777032920612,20.784777021263444,20.78477702162139,20.78477702106785,20.784777021508646,20.784777028690627,20.784777081016564,20.784777021315357,20.78477702125606,20.784777021048537,20.784777154045543
N_Reducer,33.15642415888059,33.15642416047819,33.15642415888059,33.15642417090085,33.15642416824633,33.15642416411012,33.15642416072831,33.15642415909625,33.156424177835845,33.15642415924002,33.156424159811024,33.156424158928004,33.15642415963117,33.156424171088055,33.156424254559774,33.15642415932284,33.15642415922824,33.156424158897195,33.156424371057525
DNRA,-22.84753314560303,-22.84753314670391,-22.84753314560303,-22.847533153885987,-22.847533152056805,-22.847533149206612,-22.847533146876263,-22.847533145751637,-22.847533158664774,-22.847533145850704,-22.847533146244174,-22.8475331456357,-22.84753314612024,-22.84753315401499,-22.84753321153394,-22.84753314590777,-22.84753314584259,-22.84753314561447,-22.847533291810578
Methanotroph,4.674206658940409,4.6742066591656295,4.674206658940409,4.674206660634957,4.674206660260738,4.674206659677639,4.67420665920089,4.674206658970811,4.674206661612614,4.674206658991079,4.674206659071576,4.674206658947093,4.674206659046221,4.6742066606613495,4.674206672428723,4.674206659002754,4.6742066589894185,4.67420665894275,4.674206688851923
